{
  "dataset_size": 671,
  "token_stats": {
    "questions": {
      "min": 117,
      "max": 4086,
      "mean": 1684.2816691505216,
      "median": 1521.0,
      "std": 1146.453147993443,
      "total": 1130153,
      "percentiles": {
        "25": 645.0,
        "50": 1521.0,
        "75": 2594.5,
        "90": 3371.0,
        "95": 3767.5,
        "99": 4056.6
      }
    },
    "answers": {
      "min": 27,
      "max": 14476,
      "mean": 993.6050670640834,
      "median": 493.0,
      "std": 1349.3648247832557,
      "total": 666709,
      "percentiles": {
        "25": 209.0,
        "50": 493.0,
        "75": 1196.0,
        "90": 2659.0,
        "95": 3590.0,
        "99": 5780.1999999999825
      }
    }
  },
  "tier_stats": {
    "counts": {
      "small": 333,
      "medium": 333,
      "large": 5
    },
    "percentages": {
      "small": 49.6274217585693,
      "medium": 49.6274217585693,
      "large": 0.7451564828614009
    },
    "total": 671,
    "avg_question_tokens": {
      "large": 1106.8,
      "medium": 1579.7447447447448,
      "small": 1797.4894894894894
    },
    "avg_answer_tokens": {
      "large": 2021.6,
      "medium": 1161.2702702702702,
      "small": 810.5045045045046
    }
  },
  "answer_stats": {
    "length_chars": {
      "min": 55,
      "max": 23600,
      "mean": 1843.408345752608,
      "median": 938.0
    },
    "none_answers": {
      "count": 0,
      "percentage": 0.0
    },
    "common_prefixes": [
      [
        "(assert (and (and (a",
        584
      ],
      [
        "(assert (and (not ( ",
        47
      ],
      [
        "(assert (and (and  (",
        40
      ]
    ]
  },
  "problem_stats": {
    "target_n_distribution": {
      "min": 5,
      "max": 30,
      "mean": 19.858420268256335,
      "median": 20.0,
      "unique_values": [
        5,
        7,
        8,
        9,
        10,
        11,
        12,
        13,
        14,
        15,
        16,
        17,
        18,
        19,
        20,
        21,
        22,
        23,
        24,
        25,
        26,
        27,
        28,
        29,
        30
      ]
    },
    "example_counts": {
      "min": 3,
      "max": 18,
      "mean": 6.669150521609538,
      "median": 6.0,
      "distribution": {
        "15": 9,
        "7": 69,
        "4": 64,
        "3": 168,
        "8": 47,
        "11": 36,
        "10": 44,
        "6": 62,
        "12": 32,
        "13": 11,
        "5": 72,
        "9": 38,
        "14": 13,
        "17": 2,
        "18": 2,
        "16": 2
      }
    }
  }
}